id,First Name,Last Name,Address,City,Province,Country,Phone Number,External Email
1,Sophie,Saunter,48351 Annamark Alley,Mattawa,Ontario,Canada,259-693-8526,ssaunter0@discuz.net
2,Meg,Thunderchief,0 Pankratz Park,Québec,Québec,Canada,593-391-3463,mthunderchief1@live.com
3,Noel,Abels,6 Blackbird Plaza,Delaware,Ontario,Canada,163-936-7141,nabels2@hatena.ne.jp
4,Ardenia,Poletto,653 Cottonwood Pass,Swan Hills,Alberta,Canada,197-191-6624,apoletto3@google.com.br
5,Cordie,Patal,1017 Eggendart Pass,Pickering,Ontario,Canada,747-950-1489,ckaye4@fotki.com
6,Haily,Alp,916 Trailsway Street,Princeville,Québec,Canada,164-228-5235,halp5@addtoany.com
7,Corry,Strangeway,1875 American Ash Crossing,Angus,Ontario,Canada,919-538-6855,cstrangeway6@unesco.org
8,Natividad,Labba,1409 Caliangt Point,High River,Alberta,Canada,212-268-5013,nlabba7@oakley.com
9,Wendell,Lante,69 Erie Alley,Middleton,Nova Scotia,Canada,994-276-8051,wlante8@upenn.edu
10,Clo,Hulstrom,0584 Dorton Way,North York,Ontario,Canada,514-315-0847,chulstrom9@sciencedaily.com
11,Shelba,Spier,44 Service Pass,Blainville,Québec,Canada,509-952-1291,sspiera@kickstarter.com
12,Terrence,Tolemache,5 Northfield Court,Strathmore,Alberta,Canada,507-682-2068,ttolemacheb@wordpress.org
13,Dannye,Finn,9422 Village Terrace,Ottawa,Ontario,Canada,415-347-8682,dfinnc@nytimes.com
14,Iona,Kluge,47698 Division Junction,Saint-Augustin-de-Desmaures,Québec,Canada,450-618-4788,ikluged@aboutads.info
15,Hurley,Necrews,23076 Morning Crossing,Magog,Québec,Canada,679-496-4930,hnecrewse@microsoft.com
16,Rori,Roseblade,105 Gale Center,Baie-Saint-Paul,Québec,Canada,972-991-3574,rrosebladef@clickbank.net
17,Fergus,Addenbrooke,91 Springview Center,Acton Vale,Québec,Canada,377-866-3414,faddenbrookeg@si.edu
18,Bernadene,Todarini,81 Vanier,Beaconsfield,Québec,Canada,589-766-8657,btodarinih@home.pl
19,Olivette,Frankcomb,45165 Bunting Hill,Owen Sound,Ontario,Canada,639-101-2636,ofrankcombi@hhs.gov
20,Peadar,Dumelow,667 Dakota Pass,Petawawa,Ontario,Canada,746-541-6286,pdumelowj@dropbox.com
21,Vick,Pannaman,0 Mariners Cove Alley,Woodstock,Ontario,Canada,296-706-8827,vpannamank@is.gd
22,Vivyanne,Poolton,0611 Transport Crossing,Sainte-Thérèse,Québec,Canada,984-583-7659,vpooltonl@github.io
23,Chris,Boundy,63 Mayfield Alley,Cabano,Québec,Canada,201-666-7553,cboundym@360.cn
24,Ambrosio,Arundell,51843 Graceland Hill,Mont-Joli,Québec,Canada,120-933-1530,aarundelln@hc360.com
25,Belicia,Geary,0441 Nobel Avenue,Port Washington,New York,United States,516-523-0562,bgarlingo@usa.gov
26,Drucy,Anchor,8 Bobwhite Road,Ingersoll,Ontario,Canada,462-921-5391,danchorp@ox.ac.uk
27,Ara,Penlington,8 Granby Street,Saint-Ambroise,Québec,Canada,972-626-7396,apenlingtonq@nationalgeographic.com
28,Hagen,Stelljes,542 Warrior Street,Toronto,Ontario,Canada,785-513-5806,hstelljesr@ted.com
29,Wright,Sumshon,1516 Upham Street,Cowansville,Québec,Canada,919-684-0445,wsumshons@google.co.uk
30,Olwen,Jenicek,39 Kedzie Plaza,Vaudreuil-Dorion,Québec,Canada,513-825-6141,ojenicekt@nih.gov
